{"feature_one": {"lenient": 0.8688846159209546, "strict": 0.37168083671419316}, "feature_two": {"lenient": 0.9613966448376513, "strict": 0.477499340643494}, "feature_three": {"lenient": null, "strict": null}, "feature_four": {"lenient": 0.896550246017336, "strict": 0.592657153499144}, "feature_five": {"lenient": 0.8832527439432473, "strict": 0.6039946634426164}, "feature_six": {"lenient": 0.8688846159209546, "strict": 0.5479255980925078}, "feature_seven": {"lenient": 0.8832527439432473, "strict": 0.6039946634426164}}