{"feature_one": {"lenient": 0.6275957544993078, "strict": 0.14287728400631627}, "feature_two": {"lenient": 0.8896623738252698, "strict": 0.13552966653967236}, "feature_three": {"lenient": null, "strict": null}, "feature_four": {"lenient": 0.6139794859974645, "strict": 0.08220931327259506}, "feature_five": {"lenient": 0.6928951928631024, "strict": 0.1964464307080288}, "feature_six": {"lenient": 0.6275957544993078, "strict": -0.13028477213550915}, "feature_seven": {"lenient": 0.6928951928631024, "strict": 0.1964464307080288}}