{"feature_one": {"lenient": 0.8688846159209546, "moderate": 0.5973436670906855, "strict": 0.37168083671419316}, "feature_two": {"lenient": 0.9613966448376513, "moderate": 0.7288182024394153, "strict": 0.477499340643494}, "feature_four": {"lenient": 0.896550246017336, "moderate": 0.5949718072235763, "strict": 0.32148058749688035}, "feature_five": {"lenient": 0.8832527439432473, "moderate": 0.6139908846902863, "strict": 0.40003118476976074}, "feature_six": {"lenient": 0.8688846159209546, "moderate": 0.5479255980925078, "strict": 0.37168083671419316}, "feature_seven": {"lenient": 0.8832527439432473, "moderate": 0.6139908846902863, "strict": 0.40003118476976074}}